{
  "process_uptime_seconds": 2.86102294921875e-06,
  "cpu_percent": null,
  "ram_percent": null,
  "disk_usage_percent": 90.46462870032185
}