{
  "process_uptime_seconds": 1.1920928955078125e-06,
  "cpu_percent": null,
  "ram_percent": null,
  "disk_usage_percent": 91.21809000918687
}